T002:F3a	micrograph	SEM surface and cross-section images
T002:F3e	generated	pH vs time points, error bars
T002:F7c	micrograph	micro-CT reconstructed bone images
T002:F7d	generated	bar charts of bone parameters
T006:F2c	micrograph	HRTEM lattice fringes image
T006:F10c	generated	bar chart antibacterial rate
T006:F10d	generated	bar chart antibacterial rate
T006:F10e	micrograph	SEM images of bacteria
T006:F10f	micrograph	SEM images of biofilm
T006:F10g	micrograph	crystal violet stained optical images
T007:F3b	spectrum	Cl 2p XPS deconvoluted spectra
T007:F1b	micrograph	stained histology sections
T007:F1d	generated	box plot of deficiency width
T007:F3a	spectrum	XPS survey spectra
T007:F4b	micrograph	optical photos of wire samples
T007:F4c	micrograph	SEM corrosion morphology images
T007:F6a	micrograph	fluorescence images of Zn2+ probe
T007:F7a	generated	volcano plot of DEGs
T007:F7c	generated	gene expression heatmap
T007:F5c	trace	EIS Bode and Nyquist plots
T007:F5d	trace	SVET current density raw maps
T009:F3f	generated	mean swelling ratio vs time
T009:F3c	micrograph	photograph of hydrogel on magnet
T009:F3d	micrograph	hydrogel photographs plus SEM
T009:F6f	micrograph	immunofluorescence CD86 images
T009:F6g	micrograph	immunofluorescence CD206 images
T009:F6h	generated	flow cytometry 2D distributions
T009:F8b	generated	schematic of experimental timeline
T009:F8d	trace	raw CMAP electrophysiology waveforms
T013:F2d	micrograph	SEM images with composition pies
T015:F8b	micrograph	fluorescence images plus bar chart
T018:F3a	micrograph	fluorescence images of ROS
T018:F3b	generated	box plot ROS+ cell counts
T018:F4a	micrograph	CLSM biofilm images
T018:F4c	generated	bar chart CFU per mL
T020:F2a	generated	simulated density profile along z
T020:F2b	generated	simulated density profile along z
T022:F5c	generated	bar chart paxillin expression
T022:F5d	micrograph	western blot band image
T022:F5e	generated	bar chart myogenin expression
T032:F2g	spectrum	FTIR transmittance spectra
T032:F8a	micrograph	IHC stained tissue sections
T032:F8b	micrograph	IHC stained tissue sections
T032:F6a	generated	bar chart CCK-8 OD values
T032:F6b	generated	bar chart ALP activity
T032:F6c	micrograph	ALP/ARS stained well photos
T035:F1d	spectrum	UV-vis absorbance spectrum
T035:F4c	trace	temperature vs time heating curves
T035:F4e	trace	temperature vs time heating curves
T035:F4h	trace	on/off heating cycles time series
T035:F7f	trace	temperature vs time heating curves
T035:F7g	trace	temperature vs time heating curves
T035:F1g	generated	DLS size distribution
T035:F1h	generated	zeta potential distribution
T035:F2b	trace	rheology temperature sweep curves
T035:F9a	micrograph	immunofluorescence iNOS images
T035:F10a	micrograph	immunofluorescence CD31 images
T035:F10b	micrograph	immunofluorescence alpha-SMA images
T035:F11c	generated	schematic wound area tracings
T035:F12a	generated	volcano plot of DEGs
T035:F12b	generated	DEG heatmap
T035:F12f	generated	GO enrichment bar chart
T038:F1h	spectrum	XRD patterns
T038:F2a	generated	cumulative release vs time, mean
T038:F10d	generated	PCoA scatter plot
T038:F9b	generated	bar charts liver enzymes
T038:F9c	generated	bar charts kidney markers
T038:F9d	generated	bar charts cardiac markers
T038:F9e	generated	bar charts blood indicators
T038:F9f	generated	mean body weight vs day
T038:F9g	generated	bar chart food intake
T038:F10e	generated	NMDS ordination scatter
T038:F10f	generated	phylum abundance heatmap
T039:F2c	spectrum	FTIR transmittance spectra
T039:F2e	spectrum	FTIR transmittance spectra
T039:F8g	generated	bar chart NF200 intensity
T039:F8h	generated	bar chart CGRP intensity
T041:F3d	micrograph	HRTEM with SAED inset
T041:F3e	micrograph	HRTEM with SAED inset
T041:F3b	micrograph	EDS elemental maps
T041:F3f	micrograph	HRTEM lattice fringes, SAED inset
T041:F2b	micrograph	SEM cross-section of fiber
T041:F2a	micrograph	SEM polished cross-section
T041:F2c	micrograph	SEM high-magnification microstructure
T041:F3a	micrograph	TEM bright-field image
T041:F3c	micrograph	HRTEM with SAED inset
T041:F4a	generated	schematic of melt infiltration
T041:F4b	generated	schematic of ceramicization stage
T041:F4c	generated	schematic of final microstructure
T042:F5b	spectrum	FTIR spectra
T042:F6e	generated	temperatures vs Zr content
T043:F6b	generated	c lattice parameter vs composition
T043:F5b	micrograph	HAADF-STEM with EDS maps
T043:F5c	trace	EDS line-scan intensity vs position
T044:F3d	trace	viscosity vs time curves
T044:F3b	trace	viscosity vs shear rate curves
T044:F3c	trace	viscosity vs shear rate curves
T044:F3e	trace	viscosity vs time curves
T044:F3f	trace	viscosity vs time curves
T045:F12b	spectrum	B 1s XPS fitted spectrum
T045:F12e	spectrum	Si 2p XPS fitted spectrum
T047:F2d	trace	TGA weight loss curves
T047:F2e	trace	ECR normalized conductivity relaxation curves
T047:F2b	spectrum	Co 2p XPS fitted spectra
T047:F2c	trace	O2-TPD desorption curves
T047:F2f	generated	bar chart Dchem and kchem
T047:F5c	generated	DFT vacancy formation energy bars
T048:F6	generated	grain size vs GB energy
T049:F7d	generated	computed diffusion energy barrier
T049:F7e	generated	computed diffusion energy barrier
T049:F7f	generated	computed diffusion energy barrier
T049:F4d	generated	3D bar chart reduction factor
T049:F4e	generated	PRF vs annealing condition
T049:F8a	generated	calculated density of states
T051:F3d	spectrum	temperature-dependent XRD contour map
T051:F4c	spectrum	Tauc plot from UV-vis
T051:F7d	spectrum	high-pressure Raman spectra
T051:F3e	spectrum	temperature-dependent Raman spectra
T051:F3f	generated	Raman peak positions vs temperature
T051:F4d	generated	schematic of Mn defect mechanism
T051:F4b	spectrum	Ti 2p XPS fitted spectra
T053:F1d	spectrum	Raman spectra D and G bands
T053:F1e	spectrum	Raman spectra D and G bands
T053:F1f	spectrum	XPS survey spectrum
T053:F1g	spectrum	C 1s XPS fitted spectrum
T053:F1h	spectrum	O 1s XPS fitted spectrum
T055:F4c	micrograph	HRTEM atomic lattice image
T055:F7a	generated	thermal diffusivity vs temperature
T055:F7c	generated	thermal conductivity comparison vs temperature
T056:F1c	micrograph	SEM image of particles
T056:F1d	micrograph	EDS elemental maps
T056:F2a	spectrum	fitted PLE excitation spectrum
T056:F2b	spectrum	PL emission spectrum
T056:F2d	spectrum	PL emission spectra vs Mg
T056:F2e	generated	bar chart PL integrated intensity
T056:F1b	spectrum	XRD patterns with reference
T056:F2f	trace	fluorescence decay curve
T058:F3b	generated	Raman mode vs composition, fit
T058:F3c	generated	Raman mode vs cell volume
T058:F2b	generated	bond lengths vs composition
T059:F5a	trace	admittance vs frequency curves
T059:F5b	trace	admittance vs frequency curves
T059:F5c	trace	admittance vs frequency curves
T062:F4a	trace	P-E and I-E hysteresis loops
T062:F4b	trace	P-E and I-E hysteresis loops
T063:F5	generated	mass change vs oxidation time
T065:F3d	spectrum	XRD patterns with references
T065:F4b	micrograph	SEM surface oxide layer
T065:F4a	micrograph	SEM cross-section with EDS maps
T065:F4c	micrograph	SEM image with EDS table
T065:F9a	micrograph	SEM cross-section with EDS maps
T065:F9b	trace	EDS line-scan content vs distance
T065:F9c	micrograph	SEM image plus EDS spectrum
T066:F2d	spectrum	XRD patterns vs temperature
T066:F2e	spectrum	Raman spectra vs temperature
T066:F3b	generated	phase diagram P-T points
T067:F4a	trace	Nyquist impedance spectra over aging
T067:F4b	trace	Nyquist impedance spectra over aging
T067:F4c	generated	fitted resistances vs aging time
T068:F7c	generated	computed equation-of-state curves
T069:F2d	generated	particle size histogram
T069:F2f	spectrum	EDS spectrum with composition inset
T069:F1a	trace	DTA heat flow curve
T069:F1b	spectrum	XRD amorphous patterns
T069:F1c	spectrum	XRD patterns with references
T069:F1d	micrograph	photographs of glass-ceramic samples
