S021:F2a	trace	galvanostatic charge-discharge curves
S021:F2f	trace	cyclic voltammetry curves
S037:F11c	micrograph	SEM image compact structure
S037:F11d	micrograph	SEM image pores and CSH
S039:F2	spectrum	XRD patterns with Rietveld fits
S039:F3	generated	phase fraction vs composition
S039:F15b	spectrum	XPS Zn 2p spectra
S039:F15c	spectrum	XPS Fe 2p spectra
S039:F7a	spectrum	Tauc plots direct bandgap
S039:F7b	spectrum	Tauc plots indirect bandgap
S039:F8	generated	bandgap and size vs composition
S039:F11a	spectrum	FTIR transmittance spectra
S039:F11b	spectrum	FTIR fingerprint region zoom
S040:F5	spectrum	Raman spectra
S040:F6	spectrum	Raman difference spectra
S040:F7	spectrum	FTIR spectra
S042:F4	spectrum	UV-vis absorption spectrum
S042:F7	spectrum	XRD pattern
S045:F2	spectrum	FTIR transmittance spectrum
S048:F3	spectrum	XRD patterns vs TiO2 content
S050:F8	generated	bar chart weight loss
S050:F7	generated	bar chart flexural strength
S050:F6	micrograph	photo of specimen in test
S051:F5	trace	stress-strain curve
S051:F6	trace	stress-strain curve
S051:F8	micrograph	optical micrograph of surface
S051:F12a	micrograph	SEM image of composite
S053:F10	generated	mix-ratio scatter across samples
S053:F4	generated	strength vs factor levels
S055:F6a	trace	charge-discharge potential profiles
S055:F6b	trace	charge-discharge profiles 100th cycle
S055:F6d	trace	charge-discharge potential profiles
S055:F5d	spectrum	XPS Li 1s spectrum
S055:F8b	generated	rate capability capacity vs cycle
S056:F5b	trace	raw zeta potential instrument readout
S056:F11a	generated	attenuation coefficient vs additive content
S056:F11b	generated	attenuation coefficient vs additive content
S057:F9b	spectrum	Raman spectrum OH region
S057:F9a	spectrum	Raman spectrum with inset
S057:F10a	spectrum	Raman spectrum
S058:F15	generated	computed HVL vs photon energy
S058:F16	generated	computed TVL vs photon energy
S058:F17	generated	computed MFP vs photon energy
S059:F13a	generated	adsorption capacity vs time fitted
S059:F3b	spectrum	FTIR transmittance spectra
S061:F5a	micrograph	HRTEM lattice fringes
S062:F8	generated	zeta potential vs pH curve
S068:F1b	spectrum	FTIR spectrum
S068:F3b	spectrum	XPS Ti 2p spectrum
S068:F3c	spectrum	XPS Sr 3d spectrum
S068:F4b	generated	bar chart overpotential comparison
S068:F4c	generated	Tafel plots fitted linear segments
S068:F5b	generated	Tafel plots fitted linear segments
S068:F1a	spectrum	XRD pattern
S068:F1c	spectrum	Raman spectrum
S068:F1d	trace	TGA/DTG curves
S068:F4d	trace	chronoamperometry stability time series
S068:F4e	trace	Nyquist impedance plot
S070:F3a	spectrum	XRD pattern CeNPs
S070:F3b	spectrum	XRD pattern ZnNPs
S070:F9a	generated	bar chart hemolysis
S070:F5c	micrograph	SEM image of nanocomposite
S070:F4a	trace	TGA/DSC curves
S070:F4b	trace	TGA/DSC curves
S070:F4c	trace	TGA/DSC curves
S071:F5	generated	sensor response vs temperature
S072:F3b	generated	DRT relaxation spectra computed
S074:F2	spectrum	XRD patterns
S074:F8	trace	sorption isotherm and VSM loop
S075:F13	generated	bar chart strength and mass loss
S077:F7	generated	bar chart mean pore size
S079:F1b	spectrum	Raman spectra
S082:F2	spectrum	XRD patterns with inset
S082:F5	trace	TGA weight loss curves
S082:F4d	micrograph	SEM image porous surface
S086:F5f	micrograph	in-situ SEM grain surface
S086:F5a	micrograph	in-situ SEM grain surface
S086:F5b	micrograph	in-situ SEM grain surface
S086:F5c	micrograph	SEM showing slip traces
S086:F5d	micrograph	in-situ SEM grain surface
S086:F5e	micrograph	SEM showing protrusion
S087:F16a	micrograph	3D optical profilometry topography
S087:F16b	micrograph	3D optical profilometry topography
S087:F4	micrograph	EDS elemental maps
S087:F5	micrograph	EDS elemental maps oxidized
S088:F3a	spectrum	XPS Al 2p spectra
S088:F5b	micrograph	3D surface roughness topography
S088:F4b	micrograph	SEM image surface
S088:F1b	micrograph	SEM image 100 W
S088:F1c	micrograph	SEM image 200 W
S088:F1d	micrograph	SEM image 300 W
S088:F1f	micrograph	SEM image 500 W
S088:F3b	spectrum	XPS O 1s spectra
S088:F3c	spectrum	XPS C 1s spectra
S089:F4	spectrum	FTIR spectra
S089:F5	spectrum	XRD pattern
S090:F2c	generated	growth rate vs temperature
S090:F5b	generated	growth rate vs pulse time
S090:F12b	trace	Bode impedance amplitude plot
S091:F2c	micrograph	TEM image octahedral crystals
S091:F2d	micrograph	TEM image crystal with CNTs
S091:F7a	trace	temperature vs time profiles
S091:F7b	micrograph	infrared thermographic photographs
S092:F2f	micrograph	AC-TEM image nanoparticle
S092:F2g	micrograph	EDS elemental map nanoparticle
S092:F2a	micrograph	SEM image porous particles
S092:F2b	micrograph	EDS map Fe
S092:F2c	micrograph	EDS map Zn
S092:F2d	micrograph	STEM HAADF image
S092:F2e	micrograph	HRTEM lattice fringe image
S095:F1d	micrograph	photograph of membrane thickness gauge
S095:F1e	trace	tensile stress-strain curves
S095:F3f	trace	plating/stripping voltage vs time
S095:F4a	trace	cyclic voltammetry curves
S095:F4b	generated	rate capability capacity vs cycle
S095:F4f	generated	long-term cycling capacity vs cycle
S095:F5a	trace	linear sweep voltammetry curves
S095:F5b	trace	floating test current vs time
S095:F2c	spectrum	XRD patterns
S095:F2d	spectrum	FTIR spectra C=O region
S095:F3b	trace	Nyquist impedance plots
S095:F3c	trace	voltage vs time zoom
S095:F3d	trace	voltage vs time zoom
S095:F3e	trace	voltage vs time zoom
S095:F4d	generated	long-term cycling capacity vs cycle
S095:F4e	trace	GCD voltage profiles
S095:F1a	trace	Nyquist impedance plots
S095:F1b	generated	ionic conductivity vs temperature
S095:F1c	generated	Arrhenius plot with linear fits
S095:F3a	trace	plating/stripping voltage vs time
S096:F17	generated	bar chart flexibility index
S096:F5	micrograph	SEM image surface
S096:F15	generated	bar chart fracture energy
S097:F17a	generated	predicted vs experimental scatter
S097:F17b	generated	predicted vs experimental scatter
S097:F18a	generated	predicted vs experimental scatter
S097:F18b	generated	predicted vs experimental scatter
S098:F4c	spectrum	FTIR spectra with inset
S098:F4a	spectrum	XRD patterns
S098:F3a	micrograph	SEM top view
S098:F3g	micrograph	cross-sectional SEM image
S098:F5c	trace	tensile stress-strain curves
S098:F4d	trace	TGA curves
S098:F4e	trace	DTG curves
S099:F3a	spectrum	XRD patterns with crystallinity table
S099:F5a	trace	viscosity vs shear rate curves
S099:F5b	trace	shear stress vs shear rate
S100:F11	generated	rebinding vs time error bars
